Post ID,Permalink,Post Message,Type,Countries,Languages,Posted,Audience Targeting,Lifetime Post Total Reach,Lifetime Post organic reach,Lifetime Post Paid Reach,Lifetime Post Total Impressions,Lifetime Post Organic Impressions,Lifetime Post Paid Impressions,Lifetime Engaged Users,Lifetime Post Consumers,Lifetime Post Consumptions,Lifetime Negative feedback,Lifetime Negative Feedback from Users,Lifetime Post Impressions by people who have liked your Page,Lifetime Post reach by people who like your Page,Lifetime Post Paid Impressions by people who have liked your Page,Lifetime Paid reach of a post by people who like your Page,Lifetime People who have liked your Page and engaged with your post,Lifetime Organic views to 95%,Lifetime Organic views to 95%,Lifetime Paid views to 95%,Lifetime Paid views to 95%,Lifetime Organic Video Views,Lifetime Organic Video Views,Lifetime Paid Video Views,Lifetime Paid Video Views,Lifetime Average time video viewed,Lifetime Video length
,,,,,,,,"Lifetime: The number of people who had your Page's post enter their screen. Posts include statuses, photos, links, videos and more. (Unique Users)",Lifetime: The number of people who had your Page's post enter their screen through unpaid distribution. (Unique Users),Lifetime: The number of people who had your Page's post enter their screen through paid distribution such as an ad. (Unique Users),"Lifetime: The number of times your Page's post entered a person's screen. Posts include statuses, photos, links, videos and more. (Total Count)",Lifetime: The number of times your Page's posts entered a person's screen through unpaid distribution. (Total Count),Lifetime: The number of times your Page's post entered a person's screen through paid distribution such as an ad. (Total Count),"Lifetime: The number of unique people who engaged in certain ways with your Page post, for example by commenting on, liking, sharing, or clicking upon particular elements of the post. (Unique Users)",Lifetime: The number of people who clicked anywhere in your post. (Unique Users),Lifetime: The number of clicks anywhere in your post. (Total Count),Lifetime: The number of people who have given negative feedback to your post. (Unique Users),Lifetime: The number of times people have given negative feedback to your post. (Total Count),Lifetime: The number of impressions of your Page post to people who have liked your Page. (Total Count),Lifetime: The number of people who saw your Page post because they've liked your Page (Unique Users),Lifetime: The number of paid impressions of your Page post to people who have liked your Page. (Total Count),Lifetime: The number of people who like your Page and who saw your Page post in an ad or sponsored story. (Unique Users),Lifetime: The number of people who have liked your Page and clicked anywhere in your posts. (Unique Users),Lifetime: Number of times your video was viewed to 95% of its length without any paid promotion. (Unique Users),Lifetime: Number of times your video was viewed to 95% of its length without any paid promotion. (Total Count),Lifetime: Number of times your video was viewed to 95% of its length after paid promotion. (Unique Users),Lifetime: Number of times your video was viewed to 95% of its length after paid promotion. (Total Count),Lifetime: Number of times your video was viewed for more than 3 seconds without any paid promotion. (Unique Users),Lifetime: Number of times your video was viewed for more than 3 seconds without any paid promotion. (Total Count),Lifetime: Number of times your video was viewed more than 3 seconds after paid promotion. (Unique Users),Lifetime: Number of times your video was viewed more than 3 seconds after paid promotion. (Total Count),Lifetime: Average time video viewed (Total Count),Lifetime: Length of a video post (Total Count)
171162119680585_1036730836457038,https://www.facebook.com/TarletonCOGS/posts/1036730836457038,Our next open house is July 12th in Stephenville. Join us and learn more about what's #beyondyourbachelors.,Link,,,6/27/17 3:10 PM, ,33,33,0,62,62,0,0,0,0,0,0,59,30,0,0,0,0,0,0,0,0,0,0,0,0,0
171162119680585_1036719916458130,https://www.facebook.com/TarletonCOGS/posts/1036719916458130,Looking for career resources in your field? Check out these job search tools from Career Services. Tarleton Careers,Link,,,6/27/17 7:49 AM, ,1088,340,0,1844,585,0,55,16,24,0,0,608,352,0,0,17,0,0,0,0,0,0,0,0,0,0
171162119680585_1036336049829850,https://www.facebook.com/TarletonCOGS/posts/1036336049829850,College of Graduate Studies - Tarleton State University shared The Flash Today - Erath County's photo.,Photo,,,6/26/17 9:22 PM, ,277,276,0,471,469,0,47,47,55,0,0,469,275,0,0,47,0,0,0,0,0,0,0,0,0,0
171162119680585_1035935026536619,https://www.facebook.com/TarletonCOGS/posts/1035935026536619,Interested in Tarleton's master's program in Applied Psychology? Join us for this Thursday's webinar! #GatewaytoGoals,Link,,,6/26/17 3:53 PM, ,39,37,0,57,54,0,2,1,1,0,0,52,35,0,0,1,0,0,0,0,0,0,0,0,0,0
171162119680585_1035931913203597,https://www.facebook.com/TarletonCOGS/posts/1035931913203597,Have you read this week's newsletter?  #TheCOGSConnection,Link,,,6/26/17 9:38 AM, ,223,223,0,361,361,0,10,10,10,0,0,359,222,0,0,10,0,0,0,0,0,0,0,0,0,0
171162119680585_806161272883208,https://www.facebook.com/events/806161272883208/,What's beyond your bachelor's? Learn more about graduate school at Tarleton at the upcoming open house in Stephenville.,Status,,,6/23/17 1:03 PM, ,0,0,0,0,0,0,0,0,0,0,0,0,0,0,0,0,0,0,0,0,0,0,0,0,0,0
171162119680585_1033993803397408,https://www.facebook.com/TarletonCOGS/posts/1033993803397408,"Save the date! Graduate Student Resource Fair & Networking Social. All Tarleton graduate students, as well as faculty and staff, are invited to attend.",Link,,,6/23/17 12:43 PM, ,215,202,0,333,319,0,6,2,2,0,0,320,202,0,0,6,0,0,0,0,0,0,0,0,0,0
171162119680585_846467035523402,https://www.facebook.com/events/846467035523402/,"Learn more about resources available to graduate students from representatives across the Tarleton State University network. Groups such as Scholarships, Financial Aid, Business Services, the Library, Campus Rec, Military Veterans Service Center,the Writing Center, and the Student Counseling Center will take part in the fair.",Status,,,6/23/17 12:42 PM, ,0,0,0,0,0,0,3,0,0,0,0,0,0,0,0,1,0,0,0,0,0,0,0,0,0,0
171162119680585_1031379876992134,https://www.facebook.com/TarletonCOGS/posts/1031379876992134,????First day of fall classes is August 28th for all Tarleton campuses. ????,Status,,,6/23/17 6:02 AM, ,346,280,0,560,474,0,17,2,5,0,0,474,280,0,0,17,0,0,0,0,0,0,0,0,0,0
171162119680585_1031388760324579,https://www.facebook.com/TarletonCOGS/posts/1031388760324579,Tarleton to offer master's in Applied Psychology at the Fort Worth campus location.,Link,,,6/22/17 3:55 PM, ,546,321,0,812,518,0,22,16,18,1,1,523,322,0,0,15,0,0,0,0,0,0,0,0,0,0
171162119680585_1031378456992276,https://www.facebook.com/TarletonCOGS/posts/1031378456992276,Military vet or dependent interested in #Tarletongradschool? Learn about resources and other information in our #GatewaytoGoals webinar. > http://buff.ly/2tGrdet,Link,,,6/22/17 6:25 AM, ,33,33,0,47,47,0,0,0,0,0,0,47,33,0,0,0,0,0,0,0,0,0,0,0,0,0
171162119680585_1031386306991491,https://www.facebook.com/TarletonCOGS/posts/1031386306991491,"Learn about affording graduate school, work/school/life balance, and build your network at this Saturday's open house in Fort Worth. Register in the link below.",Link,,,6/21/17 3:48 PM, ,63,47,0,99,75,0,5,2,3,0,0,77,47,0,0,5,0,0,0,0,0,0,0,0,0,0
171162119680585_1032726933524095,https://www.facebook.com/TarletonCOGS/posts/1032726933524095,FYI Re: Counseling students,Photo,,,6/21/17 3:07 PM, ,149,147,0,281,278,0,5,4,4,0,0,278,147,0,0,5,0,0,0,0,0,0,0,0,0,0
171162119680585_1031375573659231,https://www.facebook.com/TarletonCOGS/posts/1031375573659231,Want to learn more about Tarleton's Applied Psychology program? Register for the upcoming #GatewaytoGoals webinar.,Link,,,6/21/17 6:17 AM, ,40,37,0,52,49,0,1,0,0,0,0,49,37,0,0,1,0,0,0,0,0,0,0,0,0,0
171162119680585_1031382346991887,https://www.facebook.com/TarletonCOGS/posts/1031382346991887,Upcoming deadline for theses and dissertations!,Link,,,6/20/17 1:37 PM, ,84,84,0,126,126,0,1,1,1,0,0,126,84,0,0,1,0,0,0,0,0,0,0,0,0,0
171162119680585_1031373060326149,https://www.facebook.com/TarletonCOGS/posts/1031373060326149,Which professions do Americans trust? Tarleton's Dr. GM Cox featured. @TarletonCJ,Link,,,6/20/17 6:07 AM, ,260,164,0,438,270,0,36,18,21,0,0,280,170,0,0,9,0,0,0,0,0,0,0,0,0,0
171162119680585_1031369786993143,https://www.facebook.com/TarletonCOGS/posts/1031369786993143,Check out the schedule of events for this Saturday's open house! Have you registered yet?,Link,,,6/19/17 12:46 PM, ,277,171,0,453,283,0,10,6,7,2,2,298,173,0,0,5,0,0,0,0,0,0,0,0,0,0
171162119680585_1026607980802657,https://www.facebook.com/TarletonCOGS/posts/1026607980802657,Interested in #Tarletongradschool? Attend the upcoming open house at Fort Worth.,Link,,,6/16/17 6:21 AM, ,133,69,0,206,104,0,3,2,2,1,1,107,69,0,0,1,0,0,0,0,0,0,0,0,0,0
171162119680585_1028906837239438,https://www.facebook.com/TarletonCOGS/posts/1028906837239438,TAA Backyard Summer Mix Music Series,Link,,,6/15/17 3:08 PM, ,100,95,0,174,167,0,2,1,1,0,0,166,95,0,0,2,0,0,0,0,0,0,0,0,0,0
171162119680585_1026606610802794,https://www.facebook.com/TarletonCOGS/posts/1026606610802794,Tarleton's Dr. Tom Faulkenberry appointed to term with Southwestern Psychological Association. Southwestern Psychological Association @Tarleton State University: Psychological Sciences,Link,,,6/15/17 6:16 AM, ,147,117,0,256,223,0,5,2,2,0,0,222,116,0,0,4,0,0,0,0,0,0,0,0,0,0
171162119680585_1026613590802096,https://www.facebook.com/TarletonCOGS/posts/1026613590802096:0,"Mark your calendars! Summer commencement for College of Graduate Studies - Tarleton State University? will be held on Friday, August 11th at 7 p.m.",Photo,,,6/14/17 2:34 PM, ,564,391,0,859,607,0,29,20,24,0,0,582,374,0,0,24,0,0,0,0,0,0,0,0,0,0
171162119680585_1026602790803176,https://www.facebook.com/TarletonCOGS/posts/1026602790803176,"“It’s never too early to think about the future.” Sergeant Richard Savage of the Grapevine, Texas, PD, graduated in May 2017 with a master’s degree in Criminal Justice. Read more about Sgt. Savage’s experience in Tarleton’s graduate program, as well as his words of advice, in this week’s Alumni Spotlight. Grapevine Police Department Tarleton School of Criminology, Criminal Justice, and Strategic Studies",Link,,,6/14/17 6:08 AM, ,337,233,0,514,379,0,15,11,11,1,1,377,232,0,0,12,0,0,0,0,0,0,0,0,0,0
171162119680585_1026614604135328,https://www.facebook.com/TarletonCOGS/posts/1026614604135328,Get quick answers to your questions about #Tarletongradschool! Chat with us from 8-5 on Messenger!,Link,,,6/13/17 2:36 PM, ,179,88,0,291,146,0,3,3,3,1,1,146,88,0,0,3,0,0,0,0,0,0,0,0,0,0
171162119680585_1026596920803763,https://www.facebook.com/TarletonCOGS/posts/1026596920803763,$2.125 million appropriated for the Loan Repayment Program for Mental Health Professionals ...  Learn more!,Link,,,6/13/17 5:54 AM, ,160,158,0,258,254,0,5,4,4,0,0,254,158,0,0,5,0,0,0,0,0,0,0,0,0,0
171162119680585_1026609270802528,https://www.facebook.com/TarletonCOGS/posts/1026609270802528,Tarleton Graduate Studies hosts open house June 24 for prospective students.,Link,,,6/12/17 3:24 PM, ,649,222,0,1012,359,0,21,8,8,1,1,400,247,0,0,12,0,0,0,0,0,0,0,0,0,0
171162119680585_1026584157471706,https://www.facebook.com/TarletonCOGS/posts/1026584157471706,Have you seen the latest issue of The COGS Connection? In this week’s newsletter…Quote of the Week. Graduate Level Humor. Loan Repayment Program. COGS Open House at FW. Alumni Spotlight,Link,,,6/12/17 7:19 AM, ,135,135,0,235,235,0,1,1,1,0,0,235,135,0,0,1,0,0,0,0,0,0,0,0,0,0
171162119680585_1022004044596384,https://www.facebook.com/TarletonCOGS/posts/1022004044596384,Is the taking the GRE on your to-do list in the near future? Did you know that ETS offers the GRE Fee Reduction Program to individuals who demonstrate financial need? Read more about how to qualify in the link below.,Link,,,6/9/17 6:46 AM, ,169,158,0,317,289,0,3,2,2,0,0,290,158,0,0,3,0,0,0,0,0,0,0,0,0,0
171162119680585_1022016114595177,https://www.facebook.com/TarletonCOGS/posts/1022016114595177,Tarleton offers summer passes to university swimming pools.,Link,,,6/8/17 3:13 PM, ,314,219,0,513,370,0,13,7,8,0,0,372,220,0,0,11,0,0,0,0,0,0,0,0,0,0
171162119680585_1021997581263697,https://www.facebook.com/TarletonCOGS/posts/1021997581263697:0,Join us today at noon to learn more about the Clinical Mental Health Counseling program! Register to receive connection info.,Photo,,,6/8/17 6:29 AM, ,350,344,0,585,580,0,3,2,2,0,0,567,331,0,0,2,0,0,0,0,0,0,0,0,0,0
171162119680585_1022015464595242,https://www.facebook.com/TarletonCOGS/posts/1022015464595242,The iChampion Summit comes to Tarleton July 25-27! Tarleton students receive a discounted registration cost of only $50.00 and are encouraged to attend. Do you want to attend for FREE? Do you have innovative digital learning practices to share? Submit a proposal! More below.,Link,,,6/7/17 3:11 PM, ,93,93,0,161,161,0,3,3,3,0,0,161,93,0,0,3,0,0,0,0,0,0,0,0,0,0
171162119680585_1023414294455359,https://www.facebook.com/TarletonCOGS/posts/1023414294455359,"Congratulations, Dr. Leach!",Link,,,6/7/17 9:22 AM, ,2497,431,0,3982,845,0,196,129,176,5,5,1036,502,0,0,74,0,0,0,0,0,0,0,0,0,0
171162119680585_1022002304596558,https://www.facebook.com/TarletonCOGS/posts/1022002304596558,Thinking about applying to grad school? Learn about the process at our open house in Fort Worth on June 24th. View details and register via the link below.,Link,,,6/7/17 6:42 AM, ,89,52,0,142,92,0,3,2,2,0,0,96,53,0,0,3,0,0,0,0,0,0,0,0,0,0
171162119680585_1022007687929353,https://www.facebook.com/TarletonCOGS/posts/1022007687929353,"The 13th annual American Astronautical Society (AAS) CanSat Competition takes place at Tarleton State University June 9 through 11, with 40 college and university teams from around the world vying for top honors.",Link,,,6/6/17 3:56 PM, ,127,124,0,221,216,0,3,2,2,0,0,217,125,0,0,3,0,0,0,0,0,0,0,0,0,0
171162119680585_1021995847930537,https://www.facebook.com/TarletonCOGS/posts/1021995847930537:0,Learn more about Tarleton's Clinical Mental Health Counseling program by joining this week's webinar!,Photo,,,6/6/17 6:26 AM, ,446,365,0,796,673,0,4,3,3,0,0,657,350,0,0,3,0,0,0,0,0,0,0,0,0,0
171162119680585_1022005181262937,https://www.facebook.com/TarletonCOGS/posts/1022005181262937,Looking for a GA postition? COGS is hiring! Apply on Hire A Texan or email edunn@tarleton.edu with questions.,Status,,,6/5/17 2:49 PM, ,368,261,0,592,447,0,21,18,22,1,1,448,260,0,0,17,0,0,0,0,0,0,0,0,0,0
171162119680585_1021981381265317,https://www.facebook.com/TarletonCOGS/posts/1021981381265317,Have you seen this week's issue of The COGS Connection?,Link,,,6/5/17 6:36 AM, ,134,128,0,224,212,0,3,1,1,0,0,212,128,0,0,3,0,0,0,0,0,0,0,0,0,0
171162119680585_1017776001685855,https://www.facebook.com/TarletonCOGS/posts/1017776001685855,Want to learn more about the student experience of study abroad? Hear first-hand from a group of Tarleton students currently in Poland on the Study Abroad-Global Earner blog. Study Abroad - Tarleton State University,Link,,,6/2/17 5:58 AM, ,270,199,0,440,354,0,8,5,10,0,0,356,202,0,0,8,0,0,0,0,0,0,0,0,0,0
171162119680585_1017770995019689,https://www.facebook.com/TarletonCOGS/posts/1017770995019689,Discovery by Tarleton graduate faculty member could prevent brain death after cardiac arrest.,Link,,,6/1/17 5:49 AM, ,53,48,0,96,90,0,2,1,1,0,0,89,47,0,0,2,0,0,0,0,0,0,0,0,0,0
171162119680585_1017778838352238,https://www.facebook.com/TarletonCOGS/posts/1017778838352238,Interested in learning more about graduate school? Attend our upcoming open house! More info below.,Link,,,5/31/17 3:02 PM, ,51,51,0,78,78,0,0,0,0,0,0,78,51,0,0,0,0,0,0,0,0,0,0,0,0,0
171162119680585_1018527991610656,https://www.facebook.com/TarletonCOGS/posts/1018527991610656:0,Interested in Tarleton's Clinical Mental Health Counseling program? Join us June 8th!,Photo,,,5/31/17 2:16 PM, ,854,608,0,1658,1162,0,15,12,21,0,0,1193,596,0,0,10,0,0,0,0,0,0,0,0,0,0
171162119680585_1017767011686754,https://www.facebook.com/TarletonCOGS/posts/1017767011686754:0,COGS is looking to hire a GA in our Stephenville office! Look for the posting on Hire A Texan. Questions? Email edunn@tarleton.edu.,Photo,,,5/31/17 5:43 AM, ,714,585,0,1361,1171,0,12,9,14,0,0,1180,580,0,0,11,0,0,0,0,0,0,0,0,0,0
171162119680585_1017762848353837,https://www.facebook.com/TarletonCOGS/posts/1017762848353837,Stay up to date with the latest news in the College of Graduate Studies by reading this week's issue of The COGS Connection!,Link,,,5/30/17 7:26 AM, ,125,125,0,188,188,0,1,1,1,0,0,187,124,0,0,1,0,0,0,0,0,0,0,0,0,0
171162119680585_1012549145541874,https://www.facebook.com/TarletonCOGS/posts/1012549145541874:0,"""Then, in that hour of deliverance, my heart spoke. Does not such a country, and defenders of their country, deserve a song?"" Francis Scott Key",Photo,,,5/29/17 6:01 AM, ,726,546,0,1263,1027,0,13,4,5,0,0,1039,548,0,0,8,0,0,0,0,0,0,0,0,0,0
171162119680585_1012532525543536,https://www.facebook.com/TarletonCOGS/posts/1012532525543536:0,The University will be closed on Monday in observance of Memorial Day.,Photo,,,5/26/17 6:27 AM, ,434,424,0,772,762,0,7,4,7,0,0,751,417,0,0,7,0,0,0,0,0,0,0,0,0,0
171162119680585_1012535358876586,https://www.facebook.com/TarletonCOGS/posts/1012535358876586,Gordon Center offers free admission to military personnel and families throughout the summer.,Link,,,5/25/17 6:33 AM, ,120,119,0,242,236,0,3,2,2,0,0,239,119,0,0,3,0,0,0,0,0,0,0,0,0,0
171162119680585_1013724078757714,https://www.facebook.com/TarletonCOGS/posts/1013724188757703:0,College of Graduate Studies - Tarleton State University,Photo,,,5/24/17 7:53 AM, ,100,0,0,134,0,0,27,12,97,0,0,0,0,0,0,20,0,0,0,0,0,0,0,0,0,0
171162119680585_1012501525546636,https://www.facebook.com/TarletonCOGS/posts/1012501525546636,Learn more about graduate school at Tarleton at the upcoming open house in Fort Worth.,Link,,,5/24/17 6:21 AM, ,48,48,0,91,91,0,1,1,1,0,0,91,48,0,0,1,0,0,0,0,0,0,0,0,0,0
171162119680585_1013083918821730,https://www.facebook.com/TarletonCOGS/posts/1013083918821730,Video interviews are becoming more common! Learn how to avoid common mistakes in the following article.,Link,,,5/23/17 2:55 PM, ,295,195,0,474,320,0,10,8,9,0,0,324,195,0,0,8,0,0,0,0,0,0,0,0,0,0
171162119680585_1013175402145915,https://www.facebook.com/TarletonCOGS/posts/1013175402145915,Now it's easier to send College of Graduate Studies - Tarleton State University a message.,Link,,,5/23/17 11:23 AM, ,66,66,0,123,123,0,1,1,1,0,0,123,66,0,0,1,0,0,0,0,0,0,0,0,0,0
171162119680585_1012499205546868,https://www.facebook.com/TarletonCOGS/posts/1012499205546868,Attend or present at the iChampion Summit! Details in the link. http://www.tarleton.edu/ichampion/,Link,,,5/23/17 6:15 AM, ,378,138,0,609,245,0,15,7,7,0,0,277,155,0,0,4,0,0,0,0,0,0,0,0,0,0
171162119680585_1012496525547136,https://www.facebook.com/TarletonCOGS/posts/1012496525547136,Have you read this week's issue of The COGS Connection? In this week’s newsletter…Quote of the Week. Graduate Level Humor. Looking for an assistantship? iChampion Summit. GRE Workshop.,Link,,,5/22/17 8:00 AM, ,114,113,0,205,203,0,2,1,1,0,0,203,113,0,0,1,0,0,0,0,0,0,0,0,0,0
171162119680585_1010604779069644,https://www.facebook.com/TarletonCOGS/posts/1010604779069644,"COGS is looking to hire a graduate assistant! Responsibilities include secondary email communication, database entry, follow up phone calls, and other related tasks as assigned.   Look for the position to post early next week on Hire a Texan.   ALSO, because written communication will be an important part of this position, as part of the application requirements, please upload a cover letter consisting of no less than 300 words.  This letter should describe your career goals and why you would be a good fit for this role.   Questions about this position should be addressed to Elizabeth Dunn in the College of Graduate Studies at edunn@tarleton.edu.",Status,,,5/19/17 10:40 AM, ,397,194,0,721,359,0,23,21,24,0,0,375,201,0,0,7,0,0,0,0,0,0,0,0,0,0
171162119680585_1008297582633697,https://www.facebook.com/TarletonCOGS/posts/1008297582633697,Tough decisions to make? Find out what experts have to say about making smarter decisions.,Link,,,5/19/17 5:40 AM, ,154,142,0,246,231,0,3,2,2,0,0,231,142,0,0,3,0,0,0,0,0,0,0,0,0,0
171162119680585_1010055942457861,https://www.facebook.com/TarletonCOGS/posts/1010055942457861:0,"We are feeling a little fenced in! ?? Due to construction near our main entrance, visitors to the COGS office should enter through the IT Help Desk on the north end of Admin Annex II.",Photo,,,5/18/17 1:14 PM, ,504,502,0,898,896,0,6,5,7,0,0,876,488,0,0,6,0,0,0,0,0,0,0,0,0,0
171162119680585_1008272942636161,https://www.facebook.com/TarletonCOGS/posts/1008272942636161,Want to build your skills in a niche area? Check out Tarleton's continuing ed course offerings through the link below.,Link,,,5/18/17 5:29 AM, ,469,202,0,807,343,0,23,22,35,0,0,344,201,0,0,13,0,0,0,0,0,0,0,0,0,0
171162119680585_1008271339302988,https://www.facebook.com/TarletonCOGS/posts/1008271339302988,Tarleton awarded an honorary doctorate to Dwain Mayfield during last week's ceremony. Learn more about Mayfield's life of service in the post below.,Link,,,5/17/17 6:24 AM, ,116,91,0,205,173,0,3,3,4,0,0,174,91,0,0,3,0,0,0,0,0,0,0,0,0,0
171162119680585_1008269029303219,https://www.facebook.com/TarletonCOGS/posts/1008269029303219,Tarleton's Dr. Jennifer Edwards was recently elected research director for TACUSPA. Read more in the post below.,Link,,,5/16/17 6:18 AM, ,192,142,0,318,224,0,7,5,6,0,0,314,188,0,0,7,0,0,0,0,0,0,0,0,0,0
171162119680585_1008221849307937,https://www.facebook.com/TarletonCOGS/posts/1008221849307937,Check out this week's issue of The COGS Connection! In this week’s newsletter…Quote of the Week. Graduate Level Humor. Congratulations! Student Spotlight. Upcoming Events.,Link,,,5/15/17 2:38 PM, ,116,116,0,194,194,0,1,1,1,0,0,193,115,0,0,1,0,0,0,0,0,0,0,0,0,0
171162119680585_1008210859309036,https://www.facebook.com/TarletonCOGS/posts/1008211952642260:0,COGS Spring 2017 Graduation,Photo,,,5/12/17 5:11 PM, ,1,0,0,2,0,0,19,18,29,0,0,0,0,0,0,13,0,0,0,0,0,0,0,0,0,0
171162119680585_1008210212642434,https://www.facebook.com/TarletonCOGS/posts/1008212085975580:0,COGS Spring 2017 Graduation,Photo,,,5/12/17 5:10 PM, ,1,0,0,1,0,0,25,24,46,0,0,0,0,0,0,17,0,0,0,0,0,0,0,0,0,0
171162119680585_1008210359309086,https://www.facebook.com/TarletonCOGS/posts/1008212089308913:0,COGS Spring 2017 Graduation,Photo,,,5/12/17 5:08 PM, ,0,0,0,0,0,0,23,23,41,0,0,0,0,0,0,15,0,0,0,0,0,0,0,0,0,0
171162119680585_1008209852642470,https://www.facebook.com/TarletonCOGS/posts/1008212082642247:0,COGS Spring 2017 Graduation,Photo,,,5/12/17 4:58 PM, ,191,0,0,258,0,0,35,27,52,1,2,0,0,0,0,16,0,0,0,0,0,0,0,0,0,0
171162119680585_1008211355975653,https://www.facebook.com/TarletonCOGS/posts/1008212079308914:0,COGS Spring 2017 Graduation,Photo,,,5/12/17 4:56 PM, ,81,0,0,93,0,0,27,23,37,0,0,4,4,0,0,14,0,0,0,0,0,0,0,0,0,0
171162119680585_1008209862642469,https://www.facebook.com/TarletonCOGS/posts/1008212075975581:0,COGS Spring 2017 Graduation,Photo,,,5/12/17 4:51 PM, ,0,0,0,0,0,0,25,24,49,0,0,0,0,0,0,17,0,0,0,0,0,0,0,0,0,0
171162119680585_1008211122642343,https://www.facebook.com/TarletonCOGS/posts/1008212072642248:0,COGS Spring 2017 Graduation,Photo,,,5/12/17 4:49 PM, ,0,0,0,0,0,0,20,20,36,0,0,0,0,0,0,13,0,0,0,0,0,0,0,0,0,0
171162119680585_1008211492642306,https://www.facebook.com/TarletonCOGS/posts/1008212069308915:0,COGS Spring 2017 Graduation,Photo,,,5/12/17 4:41 PM, ,1,1,0,1,1,0,21,20,35,0,0,1,1,0,0,14,0,0,0,0,0,0,0,0,0,0
171162119680585_1008209945975794,https://www.facebook.com/TarletonCOGS/posts/1008212065975582:0,COGS Spring 2017 Graduation,Photo,,,5/12/17 4:37 PM, ,0,0,0,0,0,0,25,23,41,0,0,0,0,0,0,17,0,0,0,0,0,0,0,0,0,0
171162119680585_1008210952642360,https://www.facebook.com/TarletonCOGS/posts/1008212062642249:0,COGS Spring 2017 Graduation,Photo,,,5/12/17 4:36 PM, ,32,0,0,38,0,0,20,19,35,0,0,0,0,0,0,14,0,0,0,0,0,0,0,0,0,0
171162119680585_1008211115975677,https://www.facebook.com/TarletonCOGS/posts/1008212059308916:0,COGS Spring 2017 Graduation,Photo,,,5/12/17 4:35 PM, ,0,0,0,0,0,0,22,21,38,0,0,0,0,0,0,14,0,0,0,0,0,0,0,0,0,0
171162119680585_1008210865975702,https://www.facebook.com/TarletonCOGS/posts/1008212055975583:0,COGS Spring 2017 Graduation,Photo,,,5/12/17 4:25 PM, ,59,0,0,91,0,0,23,21,38,0,0,0,0,0,0,13,0,0,0,0,0,0,0,0,0,0
171162119680585_1008210959309026,https://www.facebook.com/TarletonCOGS/posts/1008212052642250:0,COGS Spring 2017 Graduation,Photo,,,5/12/17 4:23 PM, ,0,0,0,0,0,0,19,19,34,0,0,0,0,0,0,13,0,0,0,0,0,0,0,0,0,0
171162119680585_1008211242642331,https://www.facebook.com/TarletonCOGS/posts/1008212049308917:0,COGS Spring 2017 Graduation,Photo,,,5/12/17 4:14 PM, ,0,0,0,0,0,0,20,20,37,0,0,0,0,0,0,14,0,0,0,0,0,0,0,0,0,0
171162119680585_1008211055975683,https://www.facebook.com/TarletonCOGS/posts/1008212045975584:0,COGS Spring 2017 Graduation,Photo,,,5/12/17 4:11 PM, ,0,0,0,0,0,0,20,20,34,0,0,0,0,0,0,14,0,0,0,0,0,0,0,0,0,0
171162119680585_1008210525975736,https://www.facebook.com/TarletonCOGS/posts/1008212042642251:0,COGS Spring 2017 Graduation,Photo,,,5/12/17 4:10 PM, ,0,0,0,0,0,0,22,22,37,0,0,0,0,0,0,15,0,0,0,0,0,0,0,0,0,0
171162119680585_1008209949309127,https://www.facebook.com/TarletonCOGS/posts/1008212035975585:0,COGS Spring 2017 Graduation,Photo,,,5/12/17 4:01 PM, ,1,1,0,1,1,0,20,19,46,0,0,1,1,0,0,13,0,0,0,0,0,0,0,0,0,0
171162119680585_1008210862642369,https://www.facebook.com/TarletonCOGS/posts/1008212032642252:0,COGS Spring 2017 Graduation,Photo,,,5/12/17 3:45 PM, ,0,0,0,0,0,0,18,18,33,0,0,0,0,0,0,11,0,0,0,0,0,0,0,0,0,0
171162119680585_1008211585975630,https://www.facebook.com/TarletonCOGS/posts/1008212039308918:0,COGS Spring 2017 Graduation,Photo,,,5/12/17 3:42 PM, ,43,43,0,54,54,0,21,21,33,0,0,52,41,0,0,15,0,0,0,0,0,0,0,0,0,0
171162119680585_1008211062642349,https://www.facebook.com/TarletonCOGS/posts/1008212029308919:0,COGS Spring 2017 Graduation,Photo,,,5/12/17 3:41 PM, ,0,0,0,0,0,0,20,20,34,0,0,0,0,0,0,14,0,0,0,0,0,0,0,0,0,0
171162119680585_1008210312642424,https://www.facebook.com/TarletonCOGS/posts/1008212025975586:0,COGS Spring 2017 Graduation,Photo,,,5/12/17 3:40 PM, ,1,0,0,1,0,0,23,22,39,0,0,0,0,0,0,16,0,0,0,0,0,0,0,0,0,0
171162119680585_1008210289309093,https://www.facebook.com/TarletonCOGS/posts/1008212022642253:0,COGS Spring 2017 Graduation,Photo,,,5/12/17 3:39 PM, ,0,0,0,0,0,0,23,23,42,0,0,0,0,0,0,15,0,0,0,0,0,0,0,0,0,0
171162119680585_1008210085975780,https://www.facebook.com/TarletonCOGS/posts/1008212019308920:0,COGS Spring 2017 Graduation,Photo,,,5/12/17 3:38 PM, ,2,0,0,2,0,0,24,23,45,0,0,0,0,0,0,16,0,0,0,0,0,0,0,0,0,0
171162119680585_1008210399309082,https://www.facebook.com/TarletonCOGS/posts/1008212015975587:0,COGS Spring 2017 Graduation,Photo,,,5/12/17 3:37 PM, ,0,0,0,0,0,0,19,19,36,0,0,0,0,0,0,11,0,0,0,0,0,0,0,0,0,0
171162119680585_1008211249308997,https://www.facebook.com/TarletonCOGS/posts/1008212012642254:0,COGS Spring 2017 Graduation,Photo,,,5/12/17 3:36 PM, ,0,0,0,0,0,0,17,17,32,0,0,0,0,0,0,12,0,0,0,0,0,0,0,0,0,0
171162119680585_1008211652642290,https://www.facebook.com/TarletonCOGS/posts/1008212009308921:0,COGS Spring 2017 Graduation,Photo,,,5/12/17 3:34 PM, ,406,47,0,645,76,0,56,31,62,0,0,78,48,0,0,11,0,0,0,0,0,0,0,0,0,0
171162119680585_1008211575975631,https://www.facebook.com/TarletonCOGS/posts/1008212005975588:0,COGS Spring 2017 Graduation,Photo,,,5/12/17 3:15 PM, ,43,0,0,58,0,0,21,18,35,0,0,1,1,0,0,13,0,0,0,0,0,0,0,0,0,0
171162119680585_1008210295975759,https://www.facebook.com/TarletonCOGS/posts/1008212002642255:0,COGS Spring 2017 Graduation,Photo,,,5/12/17 3:12 PM, ,13,4,0,18,7,0,23,22,82,2,2,7,4,0,0,16,0,0,0,0,0,0,0,0,0,0
171162119680585_1008211659308956,https://www.facebook.com/TarletonCOGS/posts/1008211995975589:0,COGS Spring 2017 Graduation,Photo,,,5/12/17 3:08 PM, ,302,302,0,467,467,0,57,57,193,0,0,460,298,0,0,53,0,0,0,0,0,0,0,0,0,0
171162119680585_1008209839309138,https://www.facebook.com/TarletonCOGS/posts/1008211962642259,"Congratulations, graduates!",Photo,,,5/12/17 3:07 PM, ,816,613,0,1277,1028,0,153,145,2143,1,1,1014,599,0,0,107,0,0,0,0,0,0,0,0,0,0
171162119680585_1008210042642451,https://www.facebook.com/TarletonCOGS/posts/1008211992642256:0,COGS Spring 2017 Graduation,Photo,,,5/12/17 3:05 PM, ,1021,5,0,1484,9,0,118,80,133,0,0,93,53,0,0,32,0,0,0,0,0,0,0,0,0,0
171162119680585_1008210142642441,https://www.facebook.com/TarletonCOGS/posts/1008211999308922:0,COGS Spring 2017 Graduation,Photo,,,5/12/17 3:04 PM, ,4,4,0,7,7,0,21,21,57,0,0,7,4,0,0,15,0,0,0,0,0,0,0,0,0,0
171162119680585_1008210009309121,https://www.facebook.com/TarletonCOGS/posts/1008211989308923:0,COGS Spring 2017 Graduation,Photo,,,5/12/17 3:03 PM, ,5,0,0,6,0,0,21,18,35,0,0,0,0,0,0,12,0,0,0,0,0,0,0,0,0,0
171162119680585_1008211655975623,https://www.facebook.com/TarletonCOGS/posts/1008211985975590:0,COGS Spring 2017 Graduation,Photo,,,5/12/17 3:02 PM, ,312,312,0,484,484,0,59,59,116,0,0,476,303,0,0,54,0,0,0,0,0,0,0,0,0,0
171162119680585_1008210955975693,https://www.facebook.com/TarletonCOGS/posts/1008211975975591:0,COGS Spring 2017 Graduation,Photo,,,5/12/17 2:58 PM, ,0,0,0,0,0,0,18,18,33,0,0,0,0,0,0,12,0,0,0,0,0,0,0,0,0,0
171162119680585_1008210362642419,https://www.facebook.com/TarletonCOGS/posts/1008211972642258:0,COGS Spring 2017 Graduation,Photo,,,5/12/17 2:56 PM, ,27,4,0,35,7,0,24,21,52,0,0,7,4,0,0,18,0,0,0,0,0,0,0,0,0,0
171162119680585_1008211369308985,https://www.facebook.com/TarletonCOGS/posts/1008211982642257:0,COGS Spring 2017 Graduation,Photo,,,5/12/17 2:55 PM, ,0,0,0,0,0,0,20,19,33,0,0,0,0,0,0,14,0,0,0,0,0,0,0,0,0,0
171162119680585_1004165989713523,https://www.facebook.com/TarletonCOGS/posts/1004165989713523:0,"Congratulations, graduates, on your achievement! Tonight's commencement ceremony is at 7 p.m.",Photo,,,5/12/17 6:07 AM, ,511,435,0,768,674,0,17,8,14,0,0,662,425,0,0,16,0,0,0,0,0,0,0,0,0,0
171162119680585_1005851672878288,https://www.facebook.com/TarletonCOGS/posts/1005851672878288,"Lauren Martin graduates tomorrow night with the College of Graduate Studies class of May 2017, and will be honored as the student speaker. Learn more about Lauren's student experience in our recent student spotlight.",Link,,,5/11/17 1:10 PM, ,485,359,0,738,580,0,32,25,32,0,0,590,365,0,0,27,0,0,0,0,0,0,0,0,0,0
171162119680585_1004152916381497,https://www.facebook.com/TarletonCOGS/posts/1004152916381497,Diplomas & Transcripts: Things to know regarding degree conferrals and tomorrow's ceremony.,Link,,,5/11/17 6:37 AM, ,276,260,0,459,435,0,19,19,19,0,0,433,259,0,0,19,0,0,0,0,0,0,0,0,0,0
171162119680585_1004148923048563,https://www.facebook.com/TarletonCOGS/posts/1004148923048563,Tarleton graduate student Lizzie Lempeotis was recently featured in the Fort Worth Chamber Update. Read Lizzie's complete spotlight here.,Link,,,5/10/17 6:26 AM, ,162,156,0,248,242,0,2,2,2,0,0,242,156,0,0,2,0,0,0,0,0,0,0,0,0,0
171162119680585_1004138973049558,https://www.facebook.com/TarletonCOGS/posts/1004138973049558,"Neha Gulati wanted a graduate degree that would add to her experience and allow her to explore her interest, and decided to pursue Tarleton State University’s MBA program in 2015. Neha graduates this Friday. Learn more about Neha's #MBA experience in our most recent spotlight.",Link,,,5/9/17 5:59 AM, ,591,285,0,849,467,0,28,21,40,2,2,465,285,0,0,18,0,0,0,0,0,0,0,0,0,0
171162119680585_1004134806383308,https://www.facebook.com/TarletonCOGS/posts/1004134806383308,Have you seen this week's issue of The COGS Connection?,Link,,,5/8/17 7:37 AM, ,101,101,0,173,173,0,4,4,5,0,0,172,100,0,0,4,0,0,0,0,0,0,0,0,0,0
171162119680585_1001781026618686,https://www.facebook.com/TarletonCOGS/posts/1001781026618686,"Congratulations, Dr. Quazi!",Link,,,5/5/17 1:54 PM, ,547,252,0,765,419,0,21,8,9,0,0,427,258,0,0,15,0,0,0,0,0,0,0,0,0,0
171162119680585_1000056133457842,https://www.facebook.com/TarletonCOGS/posts/1000056133457842,Graduating next week? Check out this page for things to know regarding the commencement ceremony at Stephenville.,Link,,,5/5/17 6:05 AM, ,1314,463,0,2222,812,0,168,88,114,1,1,892,494,0,0,48,0,0,0,0,0,0,0,0,0,0
171162119680585_1001779899952132,https://www.facebook.com/TarletonCOGS/posts/1001779899952132,Have questions? Check out our updated FAQ section on the COGS blog.,Link,,,5/4/17 2:51 PM, ,308,160,0,493,285,0,9,7,9,0,0,292,163,0,0,6,0,0,0,0,0,0,0,0,0,0
171162119680585_1001804683282987,https://www.facebook.com/TarletonCOGS/posts/1001804683282987,College of Graduate Studies - Tarleton State University's cover photo,Photo,,,5/4/17 10:19 AM, ,149,122,0,263,224,0,16,10,42,2,2,225,123,0,0,15,0,0,0,0,0,0,0,0,0,0
171162119680585_1000051866791602,https://www.facebook.com/TarletonCOGS/posts/1000051866791602,Tarleton students earn top honors at international conference.,Link,,,5/4/17 5:56 AM, ,362,173,0,601,313,0,15,8,12,0,0,317,177,0,0,12,0,0,0,0,0,0,0,0,0,0
171162119680585_1000045903458865,https://www.facebook.com/TarletonCOGS/posts/1000045903458865,Brilliant questions to ask to ask at the end of every job interview.,Link,,,5/3/17 5:43 AM, ,912,420,0,1542,718,0,83,76,86,0,0,750,433,0,0,55,0,0,0,0,0,0,0,0,0,0
171162119680585_1000033433460112,https://www.facebook.com/TarletonCOGS/posts/1000033433460112,Is change the only constant? Inspiration for job seekers and those feeling stuck.,Link,,,5/2/17 6:24 AM, ,153,153,0,254,254,0,3,2,2,0,0,254,153,0,0,3,0,0,0,0,0,0,0,0,0,0
171162119680585_1000017936794995,https://www.facebook.com/TarletonCOGS/posts/1000017936794995,Congratulations to Tarleton's graduate faculty members who were recently recognized with university-wide teaching and service awards.,Link,,,5/1/17 8:36 AM, ,1253,486,0,1826,864,0,82,63,64,2,2,869,488,0,0,54,0,0,0,0,0,0,0,0,0,0
171162119680585_996076877189101,https://www.facebook.com/TarletonCOGS/posts/996076877189101,Tarleton grad students attend and present case studies at the recent PRSA Educators Academy.,Link,,,4/28/17 3:32 PM, ,245,154,0,388,270,0,14,8,10,2,2,271,155,0,0,14,0,0,0,0,0,0,0,0,0,0
171162119680585_996074093856046,https://www.facebook.com/TarletonCOGS/posts/996074093856046,Entrepreneurs of Erath business plan contest winners announced.,Link,,,4/28/17 6:26 AM, ,251,213,0,434,381,0,14,11,11,0,0,381,213,0,0,11,0,0,0,0,0,0,0,0,0,0
171162119680585_996072327189556,https://www.facebook.com/TarletonCOGS/posts/996072327189556,Save money with these 60 awesome student discounts from well-known merchants.,Link,,,4/27/17 3:21 PM, ,162,161,0,289,288,0,11,11,11,0,0,288,161,0,0,11,0,0,0,0,0,0,0,0,0,0
171162119680585_996066800523442,https://www.facebook.com/TarletonCOGS/posts/996066800523442,Enhance your resume as a Social Media Coach for Fall 2017! Learn more below. Texas Social Media Research Institute (TSMRI),Link,,,4/27/17 6:14 AM, ,154,145,0,271,263,0,4,2,2,1,1,263,145,0,0,4,0,0,0,0,0,0,0,0,0,0
171162119680585_997221707074618,https://www.facebook.com/TarletonCOGS/posts/997221707074618,We've got a full house at our open house! Beyond a Bachelor's Open House going on now!,Photo,,,4/26/17 9:34 AM, ,617,328,0,967,578,0,66,51,94,1,1,586,327,0,0,54,0,0,0,0,0,0,0,0,0,0
171162119680585_996058513857604,https://www.facebook.com/TarletonCOGS/posts/996058513857604,Learn more about graduate admissions at today's Beyond a Bachelor's Open House! 10-3 in the COGS office. More via the calendar link below.,Link,,,4/26/17 6:37 AM, ,15,15,0,34,34,0,0,0,0,0,0,34,15,0,0,0,0,0,0,0,0,0,0,0,0,0
171162119680585_996055770524545,https://www.facebook.com/TarletonCOGS/posts/996055770524545:0,Graduation tickets are available in the COGS office! Now through May 5. Questions? Email edunn@tarleton.edu,Photo,,,4/25/17 4:07 PM, ,751,678,0,1409,1330,0,21,15,23,0,0,1304,657,0,0,18,0,0,0,0,0,0,0,0,0,0
171162119680585_996051597191629,https://www.facebook.com/TarletonCOGS/posts/996051597191629,Stop by and see us tomorrow at the Beyond a Bachelor's Open House.,Link,,,4/25/17 6:40 AM, ,32,31,0,51,50,0,1,1,1,0,0,51,32,0,0,1,0,0,0,0,0,0,0,0,0,0
171162119680585_996046347192154,https://www.facebook.com/TarletonCOGS/posts/996046347192154,"“Time goes fast. Decide what you want from your graduate degree, and just do it.” Hear more from Michele Carswell, graduate of Tarleton's MSN program, in our recent Alumni Spotlight post.",Link,,,4/24/17 2:30 PM, ,379,292,0,555,449,0,13,7,7,0,0,443,287,0,0,11,0,0,0,0,0,0,0,0,0,0
171162119680585_996039907192798,https://www.facebook.com/TarletonCOGS/posts/996039907192798,Have you seen the latest issue of The COGS Connection?… Quote of the Week. Graduate Level Humor. Have you tried Zagster? Alumni Spotlight. Graduation Ticket Distribution. Open House.,Link,,,4/24/17 7:11 AM, ,197,180,0,354,326,0,8,6,6,0,0,326,180,0,0,8,0,0,0,0,0,0,0,0,0,0
171162119680585_991808880949234,https://www.facebook.com/TarletonCOGS/posts/991808880949234,Tarleton to host law enforcement conference on April 27th with TCOLE credit,Link,,,4/21/17 5:39 AM, ,312,119,0,504,178,0,20,12,12,0,0,186,125,0,0,3,0,0,0,0,0,0,0,0,0,0
171162119680585_991810734282382,https://www.facebook.com/TarletonCOGS/posts/991810734282382,"Thinking about graduate school? Attend next week's open house to learn more about admissions, financial aid, scholarships, and more!",Link,,,4/20/17 5:46 PM, ,81,29,0,129,53,0,5,4,6,0,0,53,29,0,0,0,0,0,0,0,0,0,0,0,0,0
171162119680585_991806564282799,https://www.facebook.com/TarletonCOGS/posts/991806564282799,"One of eight schools in Texas, Tarleton joins Carnegie Project on Education Doctorate.",Link,,,4/20/17 6:05 AM, ,218,184,0,340,298,0,10,8,13,0,0,298,184,0,0,10,0,0,0,0,0,0,0,0,0,0
171162119680585_991818520948270,https://www.facebook.com/TarletonCOGS/posts/991818520948270,Learn tips to foster positive mental health in the children and teens in your life with the upcoming Raising Well-Adjusted Kids Webinar.,Link,,,4/19/17 5:09 PM, ,20,20,0,38,38,0,0,0,0,0,0,38,20,0,0,0,0,0,0,0,0,0,0,0,0,0
171162119680585_991804134283042,https://www.facebook.com/TarletonCOGS/posts/991804134283042,Looking for a GA position? Learn more about Tarleton's graduate assistantships on our updated website!,Link,,,4/19/17 6:25 AM, ,402,338,0,659,573,0,26,24,28,0,0,579,340,0,0,24,0,0,0,0,0,0,0,0,0,0
171162119680585_991809884282467,https://www.facebook.com/TarletonCOGS/posts/991809884282467,What's beyond your bachelor's? Attend our upcoming open house in Stephenville to learn more about graduate school.,Link,,,4/18/17 1:43 PM, ,65,65,0,108,108,0,3,3,4,0,0,108,65,0,0,3,0,0,0,0,0,0,0,0,0,0
171162119680585_991801590949963,https://www.facebook.com/TarletonCOGS/posts/991801590949963,Have you applied to COGS and need to know your application status? Check it online!,Link,,,4/18/17 6:17 AM, ,190,190,0,311,311,0,5,5,5,0,0,309,190,0,0,5,0,0,0,0,0,0,0,0,0,0
171162119680585_991789747617814,https://www.facebook.com/TarletonCOGS/posts/991789747617814,In this week's issue of The COGS Connection... Quote of the Week. Graduate Level Humor. Flag Carriers Needed. Tarleton joins Carnegie Project. Law Enforcement Conference. Student Employee Appreciation Week.,Link,,,4/17/17 12:45 PM, ,237,209,0,403,368,0,8,7,7,0,0,367,208,0,0,8,0,0,0,0,0,0,0,0,0,0
171162119680585_986936538103135,https://www.facebook.com/TarletonCOGS/posts/986936538103135,10 super-successful people share the toughest sacrifices they made to achieve their goals.,Link,,,4/14/17 6:20 AM, ,493,395,0,807,675,0,25,20,22,0,0,673,393,0,0,24,0,0,0,0,0,0,0,0,0,0
171162119680585_987495198047269,https://www.facebook.com/TarletonCOGS/posts/987495198047269,Looking for additional resources for scholarships? Check out this list of private scholarship resources.,Link,,,4/13/17 2:52 PM, ,636,243,0,972,412,0,29,25,31,0,0,410,247,0,0,14,0,0,0,0,0,0,0,0,0,0
171162119680585_989080651222057,https://www.facebook.com/TarletonCOGS/posts/989080651222057,Tarleton joins competitive Carnegie Project on Education Doctorate,Link,,,4/13/17 12:06 PM, ,147,109,0,249,185,0,7,7,7,0,0,248,146,0,0,7,0,0,0,0,0,0,0,0,0,0
171162119680585_988872254576230,https://www.facebook.com/TarletonCOGS/posts/988872254576230,College of Graduate Studies - Tarleton State University shared Tarleton Marketing and CIS's photo.,Photo,,,4/13/17 7:09 AM, ,129,118,0,189,177,0,2,2,3,0,0,176,117,0,0,2,0,0,0,0,0,0,0,0,0,0
171162119680585_986934688103320,https://www.facebook.com/TarletonCOGS/posts/986934688103320,"Tarleton's Day of Giving raises more than $225,000 to pay it forward for students.",Link,,,4/13/17 6:15 AM, ,107,101,0,176,170,0,4,2,2,0,0,169,100,0,0,4,0,0,0,0,0,0,0,0,0,0
171162119680585_986921821437940,https://www.facebook.com/TarletonCOGS/posts/986921821437940,"Flag carriers are needed for the COGS graduation ceremony on May 12th! Sign up today. (No May graduates, please.)",Link,,,4/12/17 2:50 PM, ,224,209,0,378,350,0,8,6,6,0,0,347,207,0,0,6,0,0,0,0,0,0,0,0,0,0
171162119680585_986912084772247,https://www.facebook.com/TarletonCOGS/posts/986912084772247,Did you know? You can work out with a personal trainer at Tarleton's Rec. Learn more!,Link,,,4/12/17 6:32 AM, ,170,170,0,278,278,0,4,4,4,0,0,277,169,0,0,4,0,0,0,0,0,0,0,0,0,0
171162119680585_987638234699632,https://www.facebook.com/TarletonCOGS/posts/987638234699632:0,"Dr. GM Cox and graduate recruiter, Mweni Ekpo, in the Tarleton booth at the Texas Police Chiefs Association conference.  In The Woodlands area? Stop by the conference and learn more about Tarleton's MPA and MCJ programs.",Photo,,,4/11/17 11:28 AM, ,693,631,0,1370,1273,0,20,12,15,0,0,1252,609,0,0,15,0,0,0,0,0,0,0,0,0,0
171162119680585_986853004778155,https://www.facebook.com/TarletonCOGS/posts/986853004778155:0,Join us at 5 p.m. tonight in Midlothian for the Financial Awareness Workshop! Tarleton Room 113,Photo,,,4/11/17 7:52 AM, ,781,596,0,1504,1218,0,10,8,14,1,1,1213,579,0,0,4,0,0,0,0,0,0,0,0,0,0
171162119680585_987486861381436,https://www.facebook.com/TarletonCOGS/posts/987486861381436,College of Graduate Studies - Tarleton State University shared Tarleton Marketing and CIS's post.,Status,,,4/11/17 6:23 AM, ,80,80,0,130,130,0,4,4,4,0,0,129,78,0,0,4,0,0,0,0,0,0,0,0,0,0
171162119680585_986851994778256,https://www.facebook.com/TarletonCOGS/posts/986851994778256,Want to learn more about options to pay for grad school? Attend tomorrow's Financial Awareness Workshop! More below.,Link,,,4/10/17 2:37 PM, ,35,30,0,53,45,0,0,0,0,0,0,52,34,0,0,0,0,0,0,0,0,0,0,0,0,0
171162119680585_986847681445354,https://www.facebook.com/TarletonCOGS/posts/986847681445354,Check out this week's issue of The COGS Connection!  In this issue . . . COGS Forms & Website. Financial Awareness Workshop. Tarleton & JPS Collaborate.,Link,,,4/10/17 7:19 AM, ,114,114,0,191,191,0,1,1,1,0,0,190,113,0,0,1,0,0,0,0,0,0,0,0,0,0
171162119680585_981318965331559,https://www.facebook.com/TarletonCOGS/posts/981318965331559,Register now for Tuesday's Financial Awareness Workshop! More info below.,Link,,,4/7/17 5:43 AM, ,25,25,0,42,42,0,0,0,0,0,0,41,24,0,0,0,0,0,0,0,0,0,0,0,0,0
171162119680585_981339565329499,https://www.facebook.com/TarletonCOGS/posts/981339565329499,Great news for Tarleton Nursing programs and JPS! http://www.tarleton.edu/scripts/press/display.asp?ID=5297,Link,,,4/6/17 6:11 AM, ,141,131,0,227,218,0,3,2,2,0,0,217,130,0,0,3,0,0,0,0,0,0,0,0,0,0
171162119680585_981327865330669,https://www.facebook.com/TarletonCOGS/posts/981327865330669,Graduating? Attend the graduation Fair at Fort Worth. Today from 3-6.,Link,,,4/5/17 10:55 AM, ,18,15,0,34,28,0,0,0,0,0,0,33,17,0,0,0,0,0,0,0,0,0,0,0,0,0
171162119680585_981318101998312,https://www.facebook.com/TarletonCOGS/posts/981318101998312,Want to learn more about paying for graduate school? Attend next week's Financial Awareness Workshop.  More info and register at the link below.,Link,,,4/5/17 6:41 AM, ,236,25,0,420,36,0,30,23,37,0,0,43,27,0,0,2,0,0,0,0,0,0,0,0,0,0
171162119680585_981323978664391,https://www.facebook.com/TarletonCOGS/posts/981323978664391,4th Annual Dr. Wendell Sadler Distinguished Scholar Series. Tomorrow at Wisdom Gym. Featured speaker Dr. Darryn Willoughby. Click the link below to learn more.,Link,,,4/4/17 3:51 PM, ,32,30,0,43,41,0,1,1,3,0,0,43,32,0,0,1,0,0,0,0,0,0,0,0,0,0
171162119680585_981314871998635,https://www.facebook.com/TarletonCOGS/posts/981314871998635,"Tech, tools, and resources: A message regarding learning tools from the Assistant Dean of COGS, Dr. Credence Baker.",Link,,,4/4/17 6:33 AM, ,770,272,0,1402,462,0,107,81,127,0,0,500,290,0,0,33,0,0,0,0,0,0,0,0,0,0
171162119680585_981313285332127,https://www.facebook.com/TarletonCOGS/posts/981313285332127,"In this week’s issue of The COGS Connection … Quote of the Week. Graduate Level Humor. Upcoming Financial Awareness Workshop. Week of Service. Inspirational: Meet Officer Daily. Tech, Tools, & Resources with Dr. Baker.",Link,,,4/3/17 7:18 AM, ,116,116,0,197,197,0,0,0,0,0,0,197,116,0,0,0,0,0,0,0,0,0,0,0,0,0
